Id,Source,Target,Type
1,TENCENT,UBISOFT,directed
2,ELECTRONIC ARTS,UBISOFT,directed
3,SOFTBANK,WEWORK,directed
4,CUSHMAN WAKEFIELD,WEWORK,directed
5,ASCENSION,WAGESTREAM,directed
6,MERCURY,TECHSTARS,directed
7,GALAXY DIGITAL,TERRA,directed
8,POLYCHAIN,TERRA,directed
9,BINANCE,TERRA,directed
10,DIGITAL CURRENCY GROUP,WYRE,directed
11,BLOCKCHAIN CAPITAL,WYRE,directed
12,STELLAR DEVELOPMENT FOUNDATION,WYRE,directed
13,KRAKEN,WYRE,directed
14,APPLE,ZOMATO,directed
15,INFO EDGE,ZOMATO,directed
16,GOOGLE,SPACEX,directed
17,TENCENT,SWIGGY,directed
18,SOFTBANK,SWIGGY,directed
19,MEITUAN,SWIGGY,directed
20,TECHSTARS,TIVE,directed
21,RBL BANK,STANZA LIVING,directed
22,TECHSTARS,TWILIO,directed
23,500 STARTUPS,TWILIO,directed
24,ZOMATO,URBANPIPER,directed
25,SWIGGY,URBANPIPER,directed
26,TENCENT,TESLA,directed
27,CITI,TESLA,directed
28,GOOGLE,TESLA,directed
29,TENCENT,XIAOHONGSHU,directed
30,ALIBABA GROUP,XIAOHONGSHU,directed
31,IIFL FINANCE,UNIPHORE,directed
32,KOHLBERG KRAVIS ROBERTS,SONOS,directed
33,EQUITYZEN,SONOS,directed
34,EVOTEC,SANOFI,directed
35,CHECKOUTCOM,THUNES,directed
36,DAIMLER,TURO,directed
37,BLOCKTOWER CAPITAL,SOLANA,directed
38,500 STARTUPS,SOLANA,directed
39,POLYCHAIN,SOLANA,directed
40,STELLARIS VENTURE PARTNERS,WHATFIX,directed
41,INTEL CAPITAL,TRACE,directed
42,NEXTGEN VENTURE PARTNERS,TRACE,directed
43,AMPLIFYLA,TRACE,directed
44,BOSSA NOVA INVESTIMENTOS,SQUIRE,directed
45,TENCENT,SATELLOGIC,directed
46,SAMSUNG ELECTRONICS,SOFTBANK,directed
47,8VC,VONTIVE,directed
48,GARAGE CAPITAL,SUBSTACK,directed
49,FUNDERSCLUB,SUBSTACK,directed
50,IIFL FINANCE,UPGRAD,directed
51,GOOGLE,STRIPE,directed
52,THE BOEING COMPANY,SPARKCOGNITION,directed
53,DEUTSCHE BANK,ZEBRA TECHNOLOGIES,directed
54,CITI,WONDERSCHOOL,directed
55,FUNDERSCLUB,WONDERSCHOOL,directed
56,TENCENT,UBER,directed
57,TECHSTARS,UBER,directed
58,CITI,UBER,directed
59,UBER,UBER,directed
60,KRISTALAI,STOCKAL,directed
61,TRICA,STOCKAL,directed
62,BLOCKCHAIN CAPITAL,SECURITIZE,directed
63,AVA LABS,SECURITIZE,directed
64,RIPPLE,SECURITIZE,directed
65,RIPIO,SECURITIZE,directed
66,BOSSA NOVA INVESTIMENTOS,TRELL,directed
67,HIKE,WINZO,directed
68,ALIBABA GROUP,SNAPDEAL,directed
69,FOXCONN TECHNOLOGY GROUP,SNAPDEAL,directed
70,TLV PARTNERS,SILVERFORT,directed
71,HACK VC,SENDOSO,directed
72,EMTEK GROUP,WARESIX,directed
73,DST GLOBAL,TOMO,directed
74,SOFTBANK,SORARE,directed
75,EURAZEO,SORARE,directed
76,SEEDCAMP,SORARE,directed
77,JDCOM,TRAVELOKA,directed
78,TENCENT,TRUELAYER,directed
79,STRIPE,TRUELAYER,directed
80,ANTHEMIS GROUP,TRUELAYER,directed
81,DIGITAL CURRENCY GROUP,WORLDCOIN,directed
82,500 STARTUPS,SHIPPO,directed
83,FUNDERSCLUB,SHIPPO,directed
84,BOSSA NOVA INVESTIMENTOS,UMBA,directed
85,ARGO BLOCKCHAIN,WONDERFI,directed
86,LIQUID 2 VENTURES,WORKRAMP,directed
87,MOONPAY,YUGA LABS,directed
88,GENIES,YUGA LABS,directed
89,ANIMOCA BRANDS,YUGA LABS,directed
90,COINBASE,YUGA LABS,directed
91,SAMSUNG ELECTRONICS,YUGA LABS,directed
92,TENCENT,VOYAGER INNOVATIONS,directed
93,PLDT,VOYAGER INNOVATIONS,directed
94,SEEDCAMP,VIZ,directed
95,8VC,SOCOTRA,directed
96,FUNDERSCLUB,SPRING,directed
97,ZIP,ZESTMONEY,directed
98,HANNAH GREY,SUBJECT,directed
99,BOSSA NOVA INVESTIMENTOS,SUBJECT,directed
100,8VC,TWINGATE,directed
101,BOND,TWINGATE,directed
102,SERVICENOW,THOUGHTSPOT,directed
103,500 STARTUPS,SHEARSHARE,directed
104,BOSSA NOVA INVESTIMENTOS,SARY,directed
105,ROCKETSHIPVC,SARY,directed
106,MSA CAPITAL,SARY,directed
107,REVOLUTION,SWEETGREEN,directed
108,SINGULAR,TINYBIRD,directed
109,ETHEREUM FOUNDATION,STARKWARE INDUSTRIES,directed
110,CONSENSYS,STARKWARE INDUSTRIES,directed
111,POLYCHAIN,STARKWARE INDUSTRIES,directed
112,ACCENTURE,SKYHIVE,directed
113,DEUTSCHE BANK,SKYHIVE,directed
114,SCIENCE,WEALTHFRONT,directed
115,ALIBABA GROUP,XPRESSBEES,directed
116,PORTLAND SEED FUND,THE WILD,directed
117,TAL EDUCATION GROUP,VEDANTU,directed
118,TECHSTARS,SLINGSHOT AEROSPACE,directed
119,EURAZEO,VESTIAIRE COLLECTIVE,directed
120,REVOLUTION,TEMPERPACK,directed
121,CAREEM,SWVL TECHNOLOGIES,directed
122,AUTOTECH VENTURES,SWVL TECHNOLOGIES,directed
123,OMAN TECHNOLOGY FUND,SWVL TECHNOLOGIES,directed
124,DIGITAL CURRENCY GROUP,YIELD GUILD GAMES SOUTHEAST ASIA,directed
125,ANIMOCA BRANDS,YIELD GUILD GAMES SOUTHEAST ASIA,directed
126,LONGHASH VENTURES,YIELD GUILD GAMES SOUTHEAST ASIA,directed
127,YIELD GUILD GAMES,YIELD GUILD GAMES SOUTHEAST ASIA,directed
128,TECHSTARS,SMARTHOP,directed
129,EQUITYZEN,ZSCALER,directed
130,INTEL,VOLOCOPTER,directed
131,DAIMLER,VOLOCOPTER,directed
132,HONEYWELL,VOLOCOPTER,directed
133,SHOPIFY,YOTPO,directed
134,TENCENT,TILE,directed
135,KOHLBERG KRAVIS ROBERTS,STARRY,directed
136,CITI,UPWORK,directed
137,ZOOM,THETA LAKE,directed
138,BOLT,TONAL,directed
139,SILVER LAKE,SENSETIME,directed
140,CICC,SENSETIME,directed
141,OLA,VOGO,directed
142,STELLARIS VENTURE PARTNERS,VOGO,directed
143,TENCENT,SPOTIFY,directed
144,IRON PILLAR,SKILL LYNC,directed
145,LIQUID 2 VENTURES,WHATNOT,directed
146,TECHSTARS,VESTED FINANCE,directed
147,VENTURE CATALYSTS,VESTED FINANCE,directed
148,SOFTBANK,ZIMPERIUM,directed
149,MASSVENTURES,SES,directed
150,APPLIED MATERIALS,SES,directed
151,GENERAL MOTORS,SES,directed
152,SOFTBANK,TREASURE DATA,directed
153,SOFTBANK,SHIPBOB,directed
154,WEFUNDER,SHIPBOB,directed
155,FUNDERSCLUB,SHIPBOB,directed
156,OURCROWD,WAVE,directed
157,NORTHERN ARC,SLICE,directed
158,VIVRITI CAPITAL,SLICE,directed
159,INCRED,SLICE,directed
160,SENSETIME,WERIDE,directed
161,GLASSDOOR,SIFT,directed
162,TECHSTARS,UPSIE,directed
163,DELIVERY HERO,TABBY,directed
164,SILVER LAKE,TALEND,directed
165,BOND,SWORD HEALTH,directed
166,GARAGE CAPITAL,TRUNK,directed
167,TECHSTARS,VEHO,directed
168,PLAN B MEDIA,ZIPMEX,directed
169,SILVER LAKE,ZYNGA,directed
170,GOOGLE,ZYNGA,directed
171,PROTOCOL LABS,UNSTOPPABLE DOMAINS,directed
172,BOLT,SPINLAUNCH,directed
173,SOFTBANK,SOLARISBANK,directed
174,FINLEAP,SOLARISBANK,directed
175,VISA,SOLARISBANK,directed
176,JUNIPER NETWORKS,VECTRA,directed
177,8VC,YUGABYTE,directed
178,SCHNEIDER ELECTRIC,SENSE,directed
179,BOLT,SENSE,directed
180,NORTHERN ARC,UPSCALIO,directed
181,OFBUSINESS,UPSCALIO,directed
182,HELIAD EQUITY PARTNERS,UPSCALIO,directed
183,500 STARTUPS,THRIVE AGRIC,directed
184,CROWDCUBE,WHAT3WORDS,directed
185,DAIMLER,WHAT3WORDS,directed
186,ARAMEX INTERNATIONAL,WHAT3WORDS,directed
187,FLIPKART,SHADOWFAX,directed
188,MIRAE ASSET GLOBAL INVESTMENTS,SHADOWFAX,directed
189,TENCENT,VOODOO,directed
190,TIKEHAU CAPITAL,VOODOO,directed
191,UST,TRULIOO,directed
192,LIGHTER CAPITAL,STYLITICS,directed
193,ANTHEMIS GROUP,SKUAD,directed
194,IIFL WEALTH MANAGEMENT,TOOTHSI,directed
195,ANTHEMIS GROUP,SYDECAR,directed
196,TECHSTARS,TRADELANES,directed
197,BOND,VEEV,directed
198,SINGULAR,SHARES,directed
199,STRIPE,STELLAR DEVELOPMENT FOUNDATION,directed
200,ANIMOCA BRANDS,YIELD GUILD GAMES,directed
201,BLOCKTOWER CAPITAL,YIELD GUILD GAMES,directed
202,BITKRAFT VENTURES,YIELD GUILD GAMES,directed
203,SILVER LAKE,ZUORA,directed
204,CITI,XEROX,directed
205,ANTHEMIS GROUP,SEEDCAMP,directed
206,ACCESS VENTURES,VOLOPAY,directed
207,NOKIA,TEAM8,directed
208,ACCENTURE,TEAM8,directed
209,MICROSOFT,TEAM8,directed
210,TENCENT MUSIC ENTERTAINMENT,WARNER MUSIC GROUP,directed
211,COIL,UPHOLD,directed
212,VENOVATE,UPHOLD,directed
213,SOFTBANK,SOFI,directed
214,SILVER LAKE,SOFI,directed
215,SOFTBANK,WME,directed
216,SILVER LAKE,WME,directed
217,FUNDERSCLUB,SLACK,directed
218,SILVER LAKE,TAL EDUCATION GROUP,directed
219,NEWSPRING,WUXI APPTEC,directed
220,HACK VC,WINTERMUTE TRADING,directed
221,KENETIC,WINTERMUTE TRADING,directed
222,TECH COAST ANGELS,TECH COAST ANGELS,directed
223,CISCO,STARTUPBOOTCAMP,directed
224,GOBEYOND,STARTUPBOOTCAMP,directed
225,2TM,TC TRADERSCLUB,directed
226,VISA,YAHOO,directed
227,BOSSA NOVA INVESTIMENTOS,SHERPA,directed
228,500 STARTUPS,THE FAMILY,directed
229,SILVER LAKE,SPLUNK,directed
230,TENCENT,YINTAI GROUP,directed
231,JDCOM,YINTAI GROUP,directed
232,BAIDU,YINTAI GROUP,directed
233,ZOMATO,SHIPROCKET,directed
234,500 STARTUPS,SHIPROCKET,directed
235,RAZORPAY,SHIPROCKET,directed
236,SPOTIFY,TENCENT MUSIC ENTERTAINMENT,directed
237,GROUPON,STARTX STANFORDSTARTX FUND,directed
238,CISCO,STARTX STANFORDSTARTX FUND,directed
239,APHRIA,SOL GLOBAL INVESTMENTS,directed
240,CISCO,STELLARIS VENTURE PARTNERS,directed
241,ACCENTURE,YOUTH BUSINESS INTERNATIONAL,directed
242,APPLE,RAMP,directed
243,CITI,RAMP,directed
244,STRIPE,RAMP,directed
245,FLEXPORT,RAMP,directed
246,MAX VENTURES AND INDUSTRIES,NYKAA,directed
247,SEEDCAMP,GROVER,directed
248,LG GROUP,GROVER,directed
249,TENCENT,LYFT,directed
250,RAKUTEN,LYFT,directed
251,ALIBABA GROUP,LYFT,directed
252,BERKSHIRE HATHAWAY,HP,directed
253,ANIMOCA BRANDS,POLYGON,directed
254,DIGITAL CURRENCY GROUP,POLYGON,directed
255,GALAXY DIGITAL,POLYGON,directed
256,CELSIUS NETWORK,POLYGON,directed
257,VOODOO,POLYGON,directed
258,MICROSOFT,META,directed
259,AFFIRM,NYDIG,directed
260,SWIGGY,RAPIDO,directed
261,FLIPKART,PINE LABS,directed
262,GOOGLE,NIANTIC,directed
263,ANIMOCA BRANDS,NOTHING,directed
264,CROWDCUBE,NOTHING,directed
265,BINANCE,REPUBLIC,directed
266,LETSVENTURE,PHABLECARE,directed
267,SOFTBANK,OLA ELECTRIC,directed
268,TENCENT,PHONEPE,directed
269,FLIPKART,PHONEPE,directed
270,MICROSOFT,LAIYE,directed
271,XEROX,LINKSQUARES,directed
272,GEMINI,LAYERZERO LABS,directed
273,POLYGON,LAYERZERO LABS,directed
274,DAPPER LABS,LAYERZERO LABS,directed
275,CISCO,PUPPET,directed
276,MICROSOFT,OPENAI,directed
277,500 STARTUPS,PIPEFY,directed
278,FUNDERSCLUB,PIPEFY,directed
279,INTEL CAPITAL,INDIAMART,directed
280,TENCENT,NIO,directed
281,LENOVO,NIO,directed
282,TENCENT,QONTO,directed
283,EURAZEO,QONTO,directed
284,500 STARTUPS,MURAL,directed
285,AMBER GROUP,NEAR PROTOCOL,directed
286,PARAFI CAPITAL,NEAR PROTOCOL,directed
287,ONEVALLEY,HOURWORK,directed
288,MASSVENTURES,HOURWORK,directed
289,NETEASE,IMPROBABLE,directed
290,INTEL CAPITAL,RAZER,directed
291,LIANLUO,RAZER,directed
292,WME,MAUDE,directed
293,SOFTBANK,OYO,directed
294,MICROSOFT,OYO,directed
295,AIRBNB,OYO,directed
296,GRAB,OYO,directed
297,TENCENT,OMNIPRESENT,directed
298,EPISODE 1,OMNIPRESENT,directed
299,8VC,MOJO VISION,directed
300,PTC,MOJO VISION,directed
301,SOFTBANK,PLAYVS,directed
302,SCIENCE,PLAYVS,directed
303,RIPPLE,NIUM,directed
304,ROCKET INTERNET,NIUM,directed
305,NETFLIX,ROKU,directed
306,NEWS CORP,ROKU,directed
307,GOOD TECHNOLOGY,ROKU,directed
308,LENDABLE,KHAZNA,directed
309,BOND,POSTMAN,directed
310,TENCENT,JEEVES,directed
311,BLOCKFI,JEEVES,directed
312,OKTA,PIPE,directed
313,REPUBLIC,PIPE,directed
314,SHOPIFY,PIPE,directed
315,HUBSPOT,PIPE,directed
316,INTEL CAPITAL,LILT,directed
317,TECHSTARS,PIXXEL,directed
318,CREATIVE DESTRUCTION LAB CDL,PIXXEL,directed
319,HAMBRO PERKS LTD,MONEYBOX,directed
320,TENCENT,RIOT GAMES,directed
321,SILVER LAKE,MOTOROLA SOLUTIONS,directed
322,GLOBAL ATLANTIC,POLICYGENIUS,directed
323,KOHLBERG KRAVIS ROBERTS,POLICYGENIUS,directed
324,SOFTBANK,ROCHE,directed
325,NOVARTIS,ROCHE,directed
326,SCALE AI,ROCHE,directed
327,SOFTBANK,OFBUSINESS,directed
328,IIFL FINANCE,LICIOUS,directed
329,EMTEK GROUP,PROPERTYGURU GROUP,directed
330,KOHLBERG KRAVIS ROBERTS,PROPERTYGURU GROUP,directed
331,TENCENT,ROBLOX,directed
332,WARNER MUSIC GROUP,ROBLOX,directed
333,DOORDASH,ROOFSTOCK,directed
334,GARAGE CAPITAL,OPENPHONE,directed
335,TENCENT,LUNAR,directed
336,LEAPFROG INVESTMENTS,NORTHERN ARC,directed
337,DIGITAL CURRENCY GROUP,LEDGER,directed
338,ANIMOCA BRANDS,LEDGER,directed
339,UPHOLD,LEDGER,directed
340,VESTAR CAPITAL PARTNERS,IRI,directed
341,INTEL CAPITAL,GRO INTELLIGENCE,directed
342,BOSSA NOVA INVESTIMENTOS,GRO INTELLIGENCE,directed
343,TENCENT,RAKUTEN,directed
344,INTEL CAPITAL,RAKUTEN,directed
345,BERKSHIRE HATHAWAY,KROGER,directed
346,VENTURE CATALYSTS,INSTORIED,directed
347,EXPERT DOJO,INSTORIED,directed
348,GOJEK,REBEL FOODS,directed
349,500 STARTUPS,INTERCOM,directed
350,ANGELLIST,NEWTON SCHOOL,directed
351,ADVANTAGE CAPITAL,NATURAL FIBER WELDING,directed
352,ADVANTAGE CAPITAL,MEDTRONIC,directed
353,TENCENT,KRAFTON,directed
354,SIXTH STREET,NASUNI,directed
355,BLOCKCHAIN CAPITAL,PARALLEL FINANCE,directed
356,POLYCHAIN,PARALLEL FINANCE,directed
357,CITI,HOPPER,directed
358,BRIGHTSPARK VENTURES,HOPPER,directed
359,GOOGLE,PLANET,directed
360,ANIMOCA BRANDS,GOQII,directed
361,GALAXY DIGITAL,GOQII,directed
362,VENTURE CATALYSTS,GOQII,directed
363,DIGITAL CURRENCY GROUP,LIGHTNING LABS,directed
364,NYDIG,LIGHTNING LABS,directed
365,8VC,OMNI,directed
366,BOLT,OMNI,directed
367,SIEMENS,NORTHVOLT,directed
368,INNOENERGY,NORTHVOLT,directed
369,WAMDA CAPITAL,LAMBDATEST,directed
370,FARFETCH,NEIMAN MARCUS GROUP,directed
371,SILVER LAKE,RELIANCE RETAIL,directed
372,SAUDI ARABIAS PUBLIC INVESTMENT FUND,RELIANCE RETAIL,directed
373,TENCENT,GOTO GROUP,directed
374,GOOGLE,GOTO GROUP,directed
375,SOFTBANK,ONEWEB,directed
376,TENCENT,MEITUAN,directed
377,LENNAR CORPORATION,NOTARIZE,directed
378,ROCKET INTERNET,HELLOFRESH,directed
379,THE WALT DISNEY COMPANY,HULU,directed
380,TEAM8,NOOGATA,directed
381,CROWDCUBE,MISO ROBOTICS,directed
382,SEEDINVEST,MISO ROBOTICS,directed
383,TECHSTARS,REMITLY,directed
384,SOFI,PARTAKE FOODS,directed
385,CIRCLEUP,PARTAKE FOODS,directed
386,BACKSTAGE CAPITAL,PARTAKE FOODS,directed
387,8VC,HIVE,directed
388,TENCENT,JD LOGISTICS,directed
389,LYFT,IDME,directed
390,SOFTBANK,IDME,directed
391,AIRBNB,IDME,directed
392,UBISOFT,OVERWOLF,directed
393,WARNER MUSIC GROUP,OVERWOLF,directed
394,KOHLBERG KRAVIS ROBERTS,O9 SOLUTIONS,directed
395,NET1 UEPS TECHNOLOGIES INC,MOBIKWIK,directed
396,ANGELLIST,OPEN,directed
397,GOOGLE,OPEN,directed
398,GOLDEN GATE,MULTIPLIER,directed
399,CICC,LANZATECH,directed
400,ALCHEMIST ACCELERATOR,LAUNCHDARKLY,directed
401,ESL GAMING,NAZARA TECHNOLOGIES,directed
402,STARTUP WISE GUYS,MONTONIO,directed
403,GREAT HILL PARTNERS,JUMIO,directed
404,FUNDERSCLUB,OCTANE,directed
405,AMBER GROUP,MINA,directed
406,KRAKEN,PRIME TRUST,directed
407,KOHLBERG KRAVIS ROBERTS,KNOWBE4,directed
408,REVOLUTION,LUCID,directed
409,ANIMOCA BRANDS,OPENSEA,directed
410,REPUBLIC,OPENSEA,directed
411,BLOCKCHAIN CAPITAL,OPENSEA,directed
412,OURCROWD,NEAR,directed
413,MASSACHUSETTS INSTITUTE OF TECHNOLOGY,SALES IMPACT ACADEMY,directed
414,CICC,NREAL,directed
415,IQIYI,NREAL,directed
416,ALIBABA GROUP,NREAL,directed
417,THE NEW YORK TIMES,OPENWEB,directed
418,FLIPKART,GREYORANGE,directed
419,TENCENT,OLA,directed
420,SOFTBANK,OLA,directed
421,HAMBRO PERKS LTD,HABYT,directed
422,SOMA CAPITAL,GOTRADE,directed
423,8VC,MAVEN CLINIC,directed
424,FUNDERSCLUB,JERRY,directed
425,LIQUID 2 VENTURES,JERRY,directed
426,NAVI TECHNOLOGIES,INFRAMARKET,directed
427,VIVRITI CAPITAL,INFRAMARKET,directed
428,CREDAVENUE,INFRAMARKET,directed
429,NORTHERN ARC,RESHAMANDI,directed
430,VENTURE CATALYSTS,RESHAMANDI,directed
431,LIQUID 2 VENTURES,RUTTER,directed
432,SILVER LAKE,ITERABLE,directed
433,500 STARTUPS,ITERABLE,directed
434,ZOOM,MONDAYCOM,directed
435,AMBER GROUP,ROCKX,directed
436,MATRIXPORT,ROCKX,directed
437,LIQUID 2 VENTURES,MUX,directed
438,WME,HEAP,directed
439,TECHSTARS,PREPLY,directed
440,THE FAMILY,PREPLY,directed
441,SHERPA,HELLO ALICE,directed
442,NAVER,MIRAE ASSET GLOBAL INVESTMENTS,directed
443,DEUTSCHE BANK,MIRAE ASSET GLOBAL INVESTMENTS,directed
444,DNV GL,RAPTOR MAPS,directed
445,REAL VENTURES,LEAGUE,directed
446,LIGHTBOX,INFO EDGE,directed
447,TECHSTARS,JUMPCLOUD,directed
448,OURCROWD,JUMPCLOUD,directed
449,SAP,ICERTIS,directed
450,ALCHEMIST ACCELERATOR,MOENGAGE,directed
451,GOJO COMPANY,MYSHUBHLIFE,directed
452,MAYO CLINIC,HELIX,directed
453,TECH COAST ANGELS,PROCORE,directed
454,SEEDCAMP,PLEO,directed
455,ELECTRIC CAPITAL,MAGIC EDEN,directed
456,DIGITAL CURRENCY GROUP,OXIO,directed
457,PARAFI CAPITAL,OXIO,directed
458,TENCENT,POCKET FM,directed
459,NAVER,POCKET FM,directed
460,ALIBABA GROUP,OPTIBUS,directed
461,PITANGO VENTURE CAPITAL,OPTIBUS,directed
462,500 STARTUPS,INSIDER,directed
463,WAMDA CAPITAL,INSIDER,directed
464,TENCENT,GOSTUDENT,directed
465,TENCENT,GROWSARI,directed
466,KOHLBERG KRAVIS ROBERTS,GROWSARI,directed
467,STELLARIS VENTURE PARTNERS,MFINE,directed
468,PRIME VENTURE PARTNERS,MFINE,directed
469,BYTEDANCE,LI AUTO,directed
470,YINTAI GROUP,LI AUTO,directed
471,ANIMOCA BRANDS,GUILDFI,directed
472,DAPPER LABS,GUILDFI,directed
473,MIRAE ASSET GLOBAL INVESTMENTS,NAVER,directed
474,500 STARTUPS,KIN INSURANCE,directed
475,FUNDERSCLUB,GRIN,directed
476,BOND,GRIN,directed
477,RENREN,POPLAR HOMES,directed
478,AMPERE COMPUTING,RIGETTI COMPUTING,directed
479,TENCENT,PINDUODUO,directed
480,TECH COAST ANGELS,MINDBODY,directed
481,SIXTH STREET,MINDBODY,directed
482,SEEDCAMP,REVOLUT,directed
483,SEEDRS,REVOLUT,directed
484,PARAFI CAPITAL,RARIBLE,directed
485,STELLARIS VENTURE PARTNERS,MAMAEARTH,directed
486,SNOWFLAKE,HEX TECHNOLOGIES,directed
487,PAYPAL,MERCADOLIBRE,directed
488,TENCENT,PRACTO,directed
489,500 STARTUPS,RISEUP,directed
490,TECHSTARS,NOVO,directed
491,HACK VC,NOVO,directed
492,NODE CAPITAL,HUOBI,directed
493,TENCENT,QUINTOANDAR,directed
494,SOFTBANK,QUINTOANDAR,directed
495,EURAZEO,ONFIDO,directed
496,KOHLBERG KRAVIS ROBERTS,PANDORA,directed
497,AMAZON,RIVIAN,directed
498,DEUTSCHE BANK,PROXYMITY,directed
499,MOLTEN VENTURES,MATERIAL EXCHANGE,directed
500,GLAXOSMITHKLINE,LIFEMINE THERAPEUTICS,directed
501,MERCK,LIFEMINE THERAPEUTICS,directed
502,SILVER LAKE,GROUPON,directed
503,TENCENT,LILIUM,directed
504,DEUTSCHE BANK,PAYPAL,directed
505,HACKERONE,REMOTE,directed
506,LIQUID 2 VENTURES,REMOTE,directed
507,500 STARTUPS,MERCURY,directed
508,TECHSTARS,NAUTILUS LABS,directed
509,EURAZEO,PPRO,directed
510,NORTHLEAF CAPITAL PARTNERS,PPRO,directed
511,LIQUID 2 VENTURES,IUNU,directed
512,BOSSA NOVA INVESTIMENTOS,REFORGE,directed
513,AMC THEATRES,HYCROFT MINING,directed
514,FOUNDERS FACTORY,PERLEGO,directed
515,FENWAY SUMMER VENTURES,LENDABLE,directed
516,DIGITAL CURRENCY GROUP,RIPPLE,directed
517,BLOCKCHAIN CAPITAL,RIPPLE,directed
518,ACCENTURE,RIPPLE,directed
519,LIQUID 2 VENTURES,MESH,directed
520,ZOOM,OBSERVEAI,directed
521,LIQUID 2 VENTURES,OBSERVEAI,directed
522,SOFTBANK,GRAB,directed
523,MICROSOFT,GRAB,directed
524,500 STARTUPS,GRAB,directed
525,DIGITAL CURRENCY GROUP,KRAKEN,directed
526,BLOCKCHAIN CAPITAL,KRAKEN,directed
527,NORTHLEAF CAPITAL PARTNERS,NEWSPRING,directed
528,PLDT,ROCKET INTERNET,directed
529,UNITED INTERNET VENTURES,ROCKET INTERNET,directed
530,POLYCHAIN,MATRIXPORT,directed
531,PATTERN,ROUTE,directed
532,DIGITAL CURRENCY GROUP,RIPIO,directed
533,FUNDERSCLUB,RIPIO,directed
534,ENDEAVOR,LATITUD,directed
535,CANARY,LATITUD,directed
536,PERELLA WEINBERG PARTNERS,SABRE CORPORATION,directed
537,GOOGLE,JDCOM,directed
538,META,RELIANCE JIO,directed
539,CITI,RELIANCE JIO,directed
540,AXIS BANK,RELIANCE JIO,directed
541,ICICI BANK,RELIANCE JIO,directed
542,SILVER LAKE,RELIANCE JIO,directed
543,REAL VENTURES,IGNITION,directed
544,SAP,LINKEDIN,directed
545,DIGITAL CURRENCY GROUP,PROTOCOL LABS,directed
546,FUNDERSCLUB,PROTOCOL LABS,directed
547,FUNDERSCLUB,PARAGON,directed
548,SOMA CAPITAL,PARAGON,directed
549,EARLYBIRD VENTURE CAPITAL,PAYHAWK,directed
550,BC PARTNERS,IMA GROUP,directed
551,BOSSA NOVA INVESTIMENTOS,HACK VC,directed
552,NATIONAL BLACK BANK FOUNDATION,MAJOR LEAGUE SOCCER,directed
553,500 STARTUPS,INNOVACCER,directed
554,500 STARTUPS,REVOLUTION,directed
555,TENCENT,HIKE,directed
556,SOFTBANK,HIKE,directed
557,FOXCONN TECHNOLOGY GROUP,HIKE,directed
558,OCTOBER,JCDECAUX,directed
559,GOBEYOND,KAE CAPITAL,directed
560,TECH COAST ANGELS,GREEN DOT,directed
561,STRIPE,FAST,directed
562,BERKSHIRE HATHAWAY,APPLE,directed
563,MICROSOFT,APPLE,directed
564,HERCULES CAPITAL,CONVOY,directed
565,REPUBLIC,COINDCX,directed
566,POLYCHAIN,COINDCX,directed
567,SILVER LAKE,GENIES,directed
568,DAPPER LABS,GENIES,directed
569,POLYCHAIN,GENIES,directed
570,DIGITAL CURRENCY GROUP,COINBASE,directed
571,BLOCKCHAIN CAPITAL,COINBASE,directed
572,POLYCHAIN,COINBASE,directed
573,UBISOFT,ANIMOCA BRANDS,directed
574,MIRAE ASSET GLOBAL INVESTMENTS,ANIMOCA BRANDS,directed
575,500 STARTUPS,ANIMOCA BRANDS,directed
576,ZOMATO,BLINKIT,directed
577,SOFTBANK,BLINKIT,directed
578,500 STARTUPS,ANGELLIST,directed
579,LENOVO,CERTIK,directed
580,SOFTBANK,BAMBEE,directed
581,MOGO,GEMINI,directed
582,PARAFI CAPITAL,GEMINI,directed
583,SOFTBANK,EIGHT SLEEP,directed
584,8VC,EIGHT SLEEP,directed
585,COMMUNITY INVESTMENT MANAGEMENT,CAMINO FINANCIAL,directed
586,POLYCHAIN,AMBER GROUP,directed
587,ANIMOCA BRANDS,AXIE INFINITY,directed
588,CONSENSYS,AXIE INFINITY,directed
589,500 STARTUPS,AXIE INFINITY,directed
590,TENCENT,FLIPKART,directed
591,AXIS BANK,FLIPKART,directed
592,FLIPKART,FLIPKART,directed
593,MICROSOFT,FLIPKART,directed
594,GOOGLE,AIRTEL,directed
595,ARCA,GALAXY DIGITAL,directed
596,LIQUIDITY,ETORO,directed
597,DIGITAL CURRENCY GROUP,ETORO,directed
598,ANTHEMIS GROUP,ETORO,directed
599,COMCAST,BLOCKDAEMON,directed
600,VOYAGER,BLOCKDAEMON,directed
601,ENDEAVOR,2TM,directed
602,MERCADOLIBRE,2TM,directed
603,TC TRADERSCLUB,2TM,directed
604,TENCENT,EPIC GAMES,directed
605,CROWDCUBE,CROWDCUBE,directed
606,CIRCLE,CROWDCUBE,directed
607,MOLTEN VENTURES,CROWDCUBE,directed
608,GOLDEN GATE,CODA PAYMENTS,directed
609,AAVISHKAAR VENTURE CAPITAL,FINANCEPEER,directed
610,YAHOO,GOOGLE,directed
611,POLYCHAIN,DFINITY,directed
612,GOLUB CAPITAL,FILEVINE,directed
613,8VC,AIRBYTE,directed
614,CLEARCO,CARTCOM,directed
615,VISA,CARTCOM,directed
616,OFBUSINESS,FARMART,directed
617,LETSVENTURE,FARMART,directed
618,500 STARTUPS,FARMART,directed
619,AOL,AMAZON,directed
620,ZABKA POLSKA,AIFI,directed
621,STARTX STANFORDSTARTX FUND,AIFI,directed
622,KARUR VYSYA BANK,AXIS BANK,directed
623,DIGITAL CURRENCY GROUP,CIRCLE,directed
624,BLOCKCHAIN CAPITAL,CIRCLE,directed
625,CICC,CIRCLE,directed
626,RAKUTEN,CAREEM,directed
627,DAIMLER,CAREEM,directed
628,DIDI,CAREEM,directed
629,WAMDA CAPITAL,CAREEM,directed
630,500 STARTUPS,GITLAB,directed
631,LIQUID 2 VENTURES,GITLAB,directed
632,MASSVENTURES,GINKGO BIOWORKS,directed
633,TENCENT,AIRWALLEX,directed
634,DIGITAL CURRENCY GROUP,COINLIST,directed
635,BLOCKCHAIN CAPITAL,COINLIST,directed
636,POLYCHAIN,COINLIST,directed
637,ELECTRIC CAPITAL,COINLIST,directed
638,SIXTH STREET,CONCERTAI,directed
639,WORKDAY,ANAPLAN,directed
640,EURAZEO,DOCTOLIB,directed
641,DAIMLER,CHARGEPOINT,directed
642,SIEMENS,CHARGEPOINT,directed
643,SILVER LAKE,FANATICS,directed
644,ALIBABA GROUP,FANATICS,directed
645,8VC,FORETHOUGHT,directed
646,SOFTBANK,DARKTRACE,directed
647,KOHLBERG KRAVIS ROBERTS,DARKTRACE,directed
648,MICROSOFT,DOCUSIGN,directed
649,VISA,DOCUSIGN,directed
650,GOOGLE,CLOUDFLARE,directed
651,GALAXY DIGITAL,AVA LABS,directed
652,POLYCHAIN,AVA LABS,directed
653,STARTX STANFORDSTARTX FUND,CLARIFY HEALTH SOLUTIONS,directed
654,2TM,FIGMENT,directed
655,GALAXY DIGITAL,FIGMENT,directed
656,AVA LABS,FIGMENT,directed
657,ANCHORAGE,FIGMENT,directed
658,MIRAE ASSET GLOBAL INVESTMENTS,FIGMENT,directed
659,8VC,CLEARCO,directed
660,CROWDCUBE,FIDEL API,directed
661,500 STARTUPS,FIDEL API,directed
662,BOSSA NOVA INVESTIMENTOS,BINANCEUS,directed
663,ORANGE,DEEZER,directed
664,BLOCKCHAIN CAPITAL,ANCHORAGE,directed
665,EURAZEO,AVI MEDICAL,directed
666,BOOST VC,21SHARES,directed
667,ZOOM,GENESYS,directed
668,SERVICENOW,GENESYS,directed
669,AAVISHKAAR VENTURE CAPITAL,AGROSTAR,directed
670,LINKEDIN,G2,directed
671,ICONIQ CAPITAL,ADYEN,directed
672,NIANTIC,DIGILENS,directed
673,SAMSUNG ELECTRONICS,DIGILENS,directed
674,CORNING,DIGILENS,directed
675,FOXCONN TECHNOLOGY GROUP,DIGILENS,directed
676,LIQUID 2 VENTURES,BIOBOT ANALYTICS,directed
677,CITI,CAPITOLIS,directed
678,ENDEAVOR,DOLADO,directed
679,NORTE VENTURES,DOLADO,directed
680,DELIVERY HERO,FOODPANDA,directed
681,ROCKET INTERNET,FOODPANDA,directed
682,SILVER LAKE,CLARI,directed
683,TECHSTARS,ALLOY,directed
684,OURCROWD,DATAWORLD,directed
685,KAE CAPITAL,1K KIRANA BAZAAR,directed
686,TELSTRA,BOX,directed
687,TELEFONICA,BOX,directed
688,SILVER LAKE,GODADDY,directed
689,KOHLBERG KRAVIS ROBERTS,GODADDY,directed
690,MAJOR LEAGUE SOCCER,DRAFTKINGS,directed
691,LYFT,ARGO AI,directed
692,YOUTH BUSINESS INTERNATIONAL,ACCENTURE,directed
693,TECHSTARS,DIGITALOCEAN,directed
694,500 STARTUPS,CIRCLECI,directed
695,PLACEHOLDER,ETHEREUM FOUNDATION,directed
696,BOND,FTX US,directed
697,EURAZEO,BEQOM,directed
698,GOLUB CAPITAL,BEQOM,directed
699,MOGLIX,EULER MOTORS,directed
700,ROCKET INTERNET,FUNDING CIRCLE,directed
701,ANIMOCA BRANDS,DAPPER LABS,directed
702,DIGITAL CURRENCY GROUP,DAPPER LABS,directed
703,BLOCKTOWER CAPITAL,DAPPER LABS,directed
704,500 STARTUPS,FINACCEL,directed
705,MIRAE ASSET GLOBAL INVESTMENTS,FINACCEL,directed
706,STARTUPBOOTCAMP,CREDPAL,directed
707,NEXT COAST VENTURES,DILIGENT ROBOTICS,directed
708,SEDGWICK CLAIMS MANAGEMENT SERVICES,EVOLUTIONIQ,directed
709,SOMA CAPITAL,FASSET,directed
710,TENCENT,CICC,directed
711,K2,FYLLO,directed
712,SOL GLOBAL INVESTMENTS,FYLLO,directed
713,REFINITIV,GLOBAL DATA CONSORTIUM,directed
714,FINRISE,GLOBAL DATA CONSORTIUM,directed
715,TENCENT,AFTERPAY,directed
716,WINTERMUTE TRADING,BITPANDA,directed
717,DST GLOBAL,BITPANDA,directed
718,500 STARTUPS,GOLDBELLY,directed
719,FUNDERSCLUB,GOLDBELLY,directed
720,LETSVENTURE,BLUSMART MOBILITY,directed
721,VENTURE CATALYSTS,BLUSMART MOBILITY,directed
722,HIG CAPITAL,CUYANA,directed
723,BLOCKCHAIN CAPITAL,AAVE,directed
724,PARAFI CAPITAL,AAVE,directed
725,ANIMOCA BRANDS,DECENTRALAND,directed
726,DIGITAL CURRENCY GROUP,DECENTRALAND,directed
727,RAKUTEN,AZIMO,directed
728,ANTHEMIS GROUP,AZIMO,directed
729,TRIPLEPOINT VENTURE GROWTH,CAPITAL ON TAP,directed
730,POLLEN STREET CAPITAL,CAPITAL ON TAP,directed
731,INTEL CAPITAL,EXO,directed
732,RENREN,FUNDRISE,directed
733,SOFTBANK,FAIR,directed
734,FUNDERSCLUB,GO1,directed
735,BLOCKTOWER CAPITAL,APTOS,directed
736,ORACLE,AMPERE COMPUTING,directed
737,ENGIE,GOGORO,directed
738,ANGELLIST,CHINGARI,directed
739,GALAXY DIGITAL,CHINGARI,directed
740,KRAKEN,CHINGARI,directed
741,PROTOCOL LABS,CHINGARI,directed
742,DST GLOBAL,COGOPORT,directed
743,VISA,CHARGEAFTER,directed
744,TWILIO,ALGOLIA,directed
745,500 STARTUPS,ALGOLIA,directed
746,SHOPIFY,FLEXPORT,directed
747,8VC,FLEXPORT,directed
748,FUNDERSCLUB,FLEXPORT,directed
749,ARCTERN VENTURES,EMITWISE,directed
750,JCDECAUX,EURAZEO,directed
751,SOFTBANK,ADA,directed
752,ADOBE,DEMANDBASE,directed
753,500 STARTUPS,BILLIONTOONE,directed
754,LIQUID 2 VENTURES,DRIP CAPITAL,directed
755,DIGITAL CURRENCY GROUP,BITPAY,directed
756,SEEDINVEST,BITPAY,directed
757,NEWSPRING,EXECONLINE,directed
758,ANIMOCA BRANDS,COMMUNITY GAMING,directed
759,CONSENSYS,COMMUNITY GAMING,directed
760,DAPPER LABS,COMMUNITY GAMING,directed
761,BITKRAFT VENTURES,COMMUNITY GAMING,directed
762,SCALE AI,DIALOGUE,directed
763,500 STARTUPS,BLAVITY,directed
764,NAVI TECHNOLOGIES,BOUNCE,directed
765,ASCENSION,CREDIT KUDOS,directed
766,BOSSA NOVA INVESTIMENTOS,EVERLI,directed
767,SPLUNK,ACLIMA,directed
768,RAKUTEN,CAROUSELL,directed
769,500 STARTUPS,CAROUSELL,directed
770,NAVER,CAROUSELL,directed
771,EURAZEO,DATAIKU,directed
772,STARTX STANFORDSTARTX FUND,EDCAST,directed
773,BLOCKTOWER CAPITAL,ENJIN,directed
774,FUNDERSCLUB,DOORDASH,directed
775,DIGITAL CURRENCY GROUP,FIGURE,directed
776,ACCELKKR,BIRDEYE,directed
777,DIGITAL CURRENCY GROUP,ABRA,directed
778,2TM,ABRA,directed
779,BLOCKCHAIN CAPITAL,ABRA,directed
780,STELLAR DEVELOPMENT FOUNDATION,ABRA,directed
781,ROCHE,FREENOME,directed
782,NOVARTIS,FREENOME,directed
783,TECH COAST ANGELS,ESPER,directed
784,NORTHERN ARC,AYE FINANCE,directed
785,RESPONSABILITY,AYE FINANCE,directed
786,ANIMOCA BRANDS,BITSCRUNCH,directed
787,ICONIQ CAPITAL,ALTERYX,directed
788,SOFTBANK,BEAR ROBOTICS,directed
789,LINE,BEAR ROBOTICS,directed
790,8VC,AFFINITY,directed
791,OURCROWD,FUTURE FAMILY,directed
792,ANTHEMIS GROUP,APOLLO AGRICULTURE,directed
793,HERCULES CAPITAL,DRUVA,directed
794,BERKSHIRE HATHAWAY,AON PLC,directed
795,BOSSA NOVA INVESTIMENTOS,ENCANTOS,directed
796,TECHSTARS,DAPIO,directed
797,FLUTTERWAVE,DAPIO,directed
798,BULLPEN CAPITAL,BRIGHTSIDE HEALTH,directed
799,8VC,EVERNOW,directed
800,SILVER LAKE,FOURSQUARE,directed
801,MICROSOFT,FOURSQUARE,directed
802,HACK VC,54GENE,directed
803,ROCKET INTERNET,GOODLORD,directed
804,500 STARTUPS,FUNDING SOCIETIES,directed
805,LINE,FUNDING SOCIETIES,directed
806,ALIVE VENTURES,CREHANA,directed
807,SOFTBANK,ARCUS,directed
808,FUNDERSCLUB,ARCUS,directed
809,TECHSTARS,CLASSPASS,directed
810,8VC,CITIZEN,directed
811,GIRNARSOFT,COLLEGEDEKHO,directed
812,TECHSTARS,ENRICHHER,directed
813,LIGHTHOUSE LABS RVA,ENRICHHER,directed
814,LIQUID 2 VENTURES,GEM,directed
815,TECHSTARS,GIG WAGE,directed
816,REVOLUTION,GIG WAGE,directed
817,GREEN DOT,GIG WAGE,directed
818,GENER8TOR,FIVEABLE,directed
819,GLOBAL VENTURES,ALTIBBI,directed
820,BOSSA NOVA INVESTIMENTOS,ALTIBBI,directed
821,HUOBI,BOBA NETWORK,directed
822,BITMART,BOBA NETWORK,directed
823,HACK VC,BOBA NETWORK,directed
824,APPLE,CORNING,directed
825,8VC,ASCENDIO,directed
826,TENCENT,BLOCKSTREAM,directed
827,ANGELLIST,BLOCKSTREAM,directed
828,BLOCKCHAIN CAPITAL,BLOCKSTREAM,directed
829,NAZARA TECHNOLOGIES,BITKRAFT VENTURES,directed
830,ANIMOCA BRANDS,CONSENSYS,directed
831,MICROSOFT,CONSENSYS,directed
832,TECHSTARS,ARWEAVE,directed
833,CITI,ADVANTAGE CAPITAL,directed
834,COINBASE,DFNS,directed
835,FIGMENT,DFNS,directed
836,GARAGE CAPITAL,ASTRANIS,directed
837,BOSSA NOVA INVESTIMENTOS,BOOSTUPAI,directed
838,UNIVERSAL MATERIALS INCUBATOR,ARZEDA,directed
839,SOFTBANK,CLIP,directed
840,500 STARTUPS,CLIP,directed
841,HNA GROUP,DEUTSCHE BANK,directed
842,DFINITY,FUNCTIONLAND,directed
843,PROTOCOL LABS,FUNCTIONLAND,directed
844,DORAHACKS,FUNCTIONLAND,directed
845,DIGITAL CURRENCY GROUP,BITGO,directed
846,GALAXY DIGITAL,BITGO,directed
847,BLOCKCHAIN CAPITAL,BITGO,directed
848,TECHSTARS,ARENAIM,directed
849,EQUITYZEN,ADAPTIVE BIOTECHNOLOGIES,directed
850,ARK INVESTMENT MANAGEMENT,ADAPTIVE BIOTECHNOLOGIES,directed
851,CITI,AIRBNB,directed
852,SILVER LAKE,AIRBNB,directed
853,LATITUD,DATANOMIK,directed
854,CANARY,DATANOMIK,directed
855,ANTHEMIS GROUP,AGENTSYNC,directed
856,KOHLBERG KRAVIS ROBERTS,FANDUEL,directed
857,TEAM8,CYBERPION,directed
858,8VC,BLUEVOYANT,directed
859,EARLYBIRD VENTURE CAPITAL,CARTO,directed
860,OURCROWD,DID,directed
861,PITANGO VENTURE CAPITAL,DID,directed
862,SEEDINVEST,FIREFLY AEROSPACE,directed
863,MICROSOFT,DNANEXUS,directed
864,WUXI APPTEC,DNANEXUS,directed
865,REGENERON,DNANEXUS,directed
866,SIXTH STREET,AMPLIENCE,directed
867,GOOGLE,GLANCE,directed
868,RELIANCE JIO,GLANCE,directed
869,GOLUB CAPITAL,E2OPEN,directed
870,MICROSOFT,CRUISE,directed
871,NEWLAKE CAPITAL PARTNERS,COLUMBIA CARE,directed
872,SANTANDER BANK,CUSHMAN WAKEFIELD,directed
873,EQUITYZEN,GLASSDOOR,directed
874,SAP,ALCHEMIST ACCELERATOR,directed
875,JUNIPER NETWORKS,ALCHEMIST ACCELERATOR,directed
876,SIEMENS,ALCHEMIST ACCELERATOR,directed
877,DAIMLER,BOLT,directed
878,STARTUP WISE GUYS,BOLT,directed
879,DIDI,BOLT,directed
880,GALAXY DIGITAL,BLOCKFI,directed
881,SOFI,BLOCKFI,directed
882,SILVER LAKE,AMC THEATRES,directed
883,TENCENT,FARFETCH,directed
884,EURAZEO,FARFETCH,directed
885,ALIBABA GROUP,FARFETCH,directed
886,FUNDERSCLUB,FUNDERSCLUB,directed
887,TENCENT,DIDI,directed
888,APPLE,DIDI,directed
889,CITI,DIDI,directed
890,SOFTBANK,DIDI,directed
891,SILVER LAKE,DIDI,directed
892,ELEMENTAL EXCELERATOR,BLOCPOWER,directed
893,TENCENT,GOJEK,directed
894,META,GOJEK,directed
895,GOOGLE,GOJEK,directed
896,MEITUAN,GOJEK,directed
897,ROCKET INTERNET,DELIVERY HERO,directed
898,SOFTBANK,ALIBABA GROUP,directed
899,SILVER LAKE,ALIBABA GROUP,directed
900,SLACK,ELECTRIC,directed
901,IONIQ,FINLEAP,directed
902,NAVER,EMTEK GROUP,directed
903,GRAB,EMTEK GROUP,directed
904,GALAXY DIGITAL,ARGO BLOCKCHAIN,directed
905,AMERICAN AXLE MANUFACTURING,AUTOTECH VENTURES,directed
906,TWITTER,ALEPH HOLDING,directed
907,CRED,CREDAVENUE,directed
908,RIPPLE,COIL,directed
909,APPLE,ADOBE,directed
910,ARCA,ARCA,directed
911,ANIMOCA BRANDS,EVERYREALM,directed
912,DAPPER LABS,EVERYREALM,directed
913,OCTOBER,ENGIE,directed
914,DIGITAL CURRENCY GROUP,BLOCKCHAINCOM,directed
915,LG GROUP,BLOCKCHAINCOM,directed
916,MCAFEE,GOOD TECHNOLOGY,directed
917,GOBEYOND,GOBEYOND,directed
918,SCALE AI,CREATIVE DESTRUCTION LAB CDL,directed
919,MOLTEN VENTURES,EARLYBIRD VENTURE CAPITAL,directed
920,500 STARTUPS,EQUITYZEN,directed
921,BITMAIN,DORAHACKS,directed
922,TENCENT,DST GLOBAL,directed
923,500 STARTUPS,GOLDEN GATE,directed
924,GOOGLE,AOL,directed
925,BC PARTNERS,ALTICE USA,directed
926,GOOGLE,BAIDU,directed
